UserID,FirstName,LastName,Email,PhoneNumber,Gender,DateOfBirth,JoinDate,State,City,ZipCode
885441,Paul,Zamora,tammy76@faulkner-howard.com,242.194.8924x11578,Male,12/10/1980,8/20/2022,Massachusetts,New Thomas,68835
273146,Bryan,Sellers,cortezraymond@garrett.com,513.933.2871,Male,5/8/1976,12/13/2022,New York,West Andreaville,72255
348915,Lisa,Fernandez,zdavis@yahoo.com,934-232-0947x11220,Male,1/17/1986,10/15/2023,North Dakota,Aimeebury,28707
938517,Erin,Bryan,shannon51@yahoo.com,+1-179-533-0413x525,Female,4/3/1941,3/20/2021,Georgia,North Lisa,83627
954221,Sharon,Guzman,martinezjacob@wilson.com,9032173008,Female,8/9/1946,11/22/2021,California,North Deborah,46414
457252,Henry,Gordon,lyonspeter@howard-dennis.org,(302)258-4197,Non-Binary,8/1/1956,11/4/2020,New Mexico,Mcculloughhaven,41322
680457,Michael,Monroe,annsmith@hotmail.com,508-423-7594,Non-Binary,9/4/1981,4/19/2023,South Dakota,Lake Kyle,98606
434549,Maria,Miller,ernest37@page-nunez.biz,6960271427,Non-Binary,2/9/1999,3/6/2023,Rhode Island,North Troyport,61697
52279,Lisa,Golden,amymccarty@gmail.com,001-206-650-3008x9131,Non-Binary,10/23/1959,1/27/2022,Louisiana,North Thomas,52496
658128,Christopher,Hill,callahandennis@hotmail.com,+1-512-400-0348x5590,Non-Binary,2/3/2000,7/12/2023,New Jersey,Watsonside,23869
217941,Nicholas,Carter,josephmorgan@higgins-morgan.org,422945682,Female,6/5/1948,10/27/2022,Washington,North Kyle,69058
764057,Chad,Powell,robert18@yahoo.com,551.717.6045x2296,Non-Binary,8/14/1944,1/25/2021,Colorado,Lake Jeffrey,50939
8233,Corey,Hawkins,ymora@hotmail.com,001-361-534-9263x511,Non-Binary,7/19/1936,1/9/2023,New Hampshire,North Tyler,34118
217299,Danielle,Shea,danielellis@payne-hernandez.org,296.687.5773x8930,Female,2/8/1976,2/26/2022,Arizona,Port Jonathan,20935
883251,Nicholas,Phillips,marshzachary@gmail.com,320-407-5227,Female,7/9/2001,5/31/2022,North Dakota,New Christopherhaven,99833
629295,Vicki,Burgess,amanda96@bruce-compton.org,001-300-248-9451,Female,6/13/1968,1/28/2022,Wyoming,Cruzfurt,8661
171752,Danielle,Anderson,brian07@yahoo.com,(791)256-0976,Female,3/12/1939,3/21/2021,New Mexico,North Antonio,81424
139149,Crystal,Garcia,patrickfrank@yahoo.com,097-951-9426,Female,5/2/1949,12/30/2022,Illinois,Port Philipstad,99672
199731,Stanley,Clarke,wintersbill@santana-duffy.org,001-331-886-8412,Female,3/26/1990,2/22/2021,Connecticut,Brownchester,20968
769948,Stephanie,Moody,ujohnson@hotmail.com,151-150-5520x351,Non-Binary,4/17/1952,9/3/2021,Alabama,Lake Emily,16647
784311,Adrian,Wood,michelelopez@woods.com,(035)574-4852,Non-Binary,10/16/1943,3/23/2021,Ohio,Ericberg,16915
843465,Jeffrey,Romero,kellybarnes@callahan.com,(112)648-6296x4513,Female,1/17/1983,7/1/2023,North Dakota,South Rickychester,95945
945043,Malik,Harris,ldavis@gmail.com,189-276-2662x375,Non-Binary,3/12/1952,4/20/2022,New Jersey,South Kariport,742
870501,Holly,Montgomery,kennethmack@turner.info,738-640-1400,Female,1/6/1987,1/10/2023,Pennsylvania,Wallaceview,46877
297163,Monica,Chambers,johnsonlaura@ferguson-wilson.com,001-216-448-2983x81686,Non-Binary,9/17/1970,1/12/2022,New Hampshire,Ashleyberg,21088
129288,Heidi,James,anitaevans@hotmail.com,637.785.7074x2709,Male,4/7/1936,4/20/2022,New Mexico,Onealtown,69553
69686,Gloria,Miller,warddarren@gmail.com,432-943-1675x625,Female,1/12/1992,6/1/2021,New Hampshire,New Leslie,27877
954616,Jacob,Bailey,yroman@hotmail.com,373.906.0312,Female,7/19/1940,7/3/2023,Utah,East Cheryl,80783
90838,Janet,Hunt,robert08@hotmail.com,+1-869-774-7354x0002,Female,4/26/1933,1/8/2022,Tennessee,East Brycechester,89696
232959,Tara,Sanders,mlee@obrien.com,875-408-0351x38533,Female,10/19/1973,2/12/2022,North Dakota,Scottstad,93887
251619,Bradley,Villa,murrayjenny@stark.info,711.131.2637x916,Non-Binary,6/24/1986,12/15/2020,Idaho,South Jeffrey,37069
979854,Michael,Vang,chelsea34@palmer-murray.com,301-912-6334x088,Female,7/26/1939,4/22/2021,Missouri,Davidshire,47543
240714,Emily,Warner,jodivalenzuela@gmail.com,453.574.9220x88559,Non-Binary,3/25/1936,5/4/2021,Montana,East William,10522
142167,Kathy,Harrington,joeanderson@gmail.com,001-659-927-1908x95774,Male,9/28/1962,2/24/2023,Tennessee,Lake Natasha,97149
504277,Amy,Padilla,derrick63@floyd-cruz.com,053.573.4524,Male,4/16/1981,3/25/2023,Ohio,Lake Crystalstad,3382
514964,Courtney,Johnson,perezdesiree@nicholson.biz,(376)254-2566,Male,6/29/1988,11/28/2021,Ohio,Maloneshire,16569
428799,Stephanie,Jackson,christopheryoung@wright.com,001-821-691-9729x9045,Non-Binary,1/13/1984,11/26/2020,South Dakota,South Christopherport,88534
158135,Stephen,Romero,zmorgan@blackburn-smith.net,870-898-4076x1657,Male,8/10/1935,12/13/2021,West Virginia,West Erinshire,92606
813609,Sarah,Cooley,paul43@knight.com,001-852-250-9092,Female,3/22/1982,1/10/2022,South Dakota,Marcusfurt,79236
451943,Vanessa,Smith,ramosmatthew@fry.com,001-931-864-2821x2918,Non-Binary,2/23/1985,8/21/2022,Louisiana,Justinchester,94599
294064,Sophia,Medina,james62@gmail.com,001-829-657-0869x30582,Non-Binary,4/7/1959,6/22/2023,Minnesota,Smithbury,75416
935073,John,Lopez,berryjoel@hotmail.com,813.271.6644x659,Female,2/15/1945,2/3/2022,Alaska,Smithview,27080
799385,Raymond,Graham,aguilarmichael@hotmail.com,(945)067-8201,Non-Binary,1/29/1980,4/28/2022,Alabama,East Jenniferside,62249
45215,Leonard,Skinner,philip24@lambert-larson.biz,802-227-0808x6259,Male,10/12/1943,3/3/2023,Idaho,Jamesview,43484
734429,Jeanne,Casey,katherinecole@gmail.com,9280513793,Female,11/14/2003,6/19/2021,Virginia,Robertaberg,62954
808999,Angela,Stephens,hesschristopher@yahoo.com,+1-597-568-5125x022,Male,10/11/1978,5/16/2023,Illinois,South Deannaport,51555
955958,Brett,Saunders,samantha16@alexander.org,001-449-762-0743x61511,Male,7/13/1980,11/17/2020,Idaho,Gilberttown,42811
478650,Krystal,Reese,dmiller@hotmail.com,(408)115-5170x2840,Male,1/22/1984,3/23/2022,Hawaii,East Greg,21338
671215,Erin,Hahn,webbpamela@hotmail.com,(033)452-3532x6759,Male,5/24/1985,3/11/2023,Wyoming,East Sarahtown,90539
408848,Jennifer,Jackson,johnsonmarcus@johnson.org,+1-226-066-9532x583,Non-Binary,4/14/1987,2/5/2021,Florida,Knightstad,13156
452504,Paula,Sanchez,sabrinaallen@yahoo.com,(914)485-8099x7340,Non-Binary,7/22/1976,6/14/2022,South Dakota,New Natalieton,19402
748134,Philip,Saunders,tmiddleton@yahoo.com,+1-722-576-2948x155,Male,6/18/1981,10/19/2022,South Dakota,East Natalieview,23687
758600,Brandy,Phillips,andrea06@brooks-clark.com,(195)206-9671,Non-Binary,5/20/1943,8/6/2022,Ohio,East Eric,22058
239337,Anthony,Taylor,rachel94@hotmail.com,164-258-5826x84365,Female,12/6/1996,12/18/2022,Maryland,Forbesville,90080
161496,Dylan,Silva,caitlinmorrison@rodriguez.biz,001-575-1759,Non-Binary,5/6/1967,8/16/2023,New York,East Anna,10715
818435,Melissa,Mccall,careymelissa@ortiz.biz,092-627-9061x965,Male,10/6/2001,9/22/2022,Arizona,Harveyview,67020
514096,Andrea,Long,jerrydiaz@yahoo.com,+1-271-176-9681x473,Male,3/3/1973,5/22/2021,Mississippi,East Dominiqueton,87735
143455,Brenda,Gonzalez,wgrant@henry.net,(510)337-4430x758,Female,4/7/1945,2/12/2021,Maryland,Perezstad,50460
902543,Katherine,Hall,ykeller@campbell-salazar.com,(587)355-6456x4174,Male,6/28/1993,6/11/2021,Minnesota,Lake Jacob,44815
523560,Jeremy,Becker,kpalmer@hotmail.com,684.735.8017,Female,6/14/1986,10/3/2021,Nevada,New Kelseychester,12753
276261,James,Murphy,lauradiaz@benton.biz,-2743,Non-Binary,4/19/1989,1/26/2021,Ohio,East Jeremy,54951
400482,Thomas,Smith,ccherry@blevins.com,729-814-1140x29263,Non-Binary,4/12/1976,8/24/2021,Nebraska,New Danielfort,16825
533722,Patricia,Harrison,david46@gmail.com,001-853-735-7607,Non-Binary,8/10/1933,2/20/2023,Montana,Walkerbury,33690
500415,Thomas,Perez,denise92@hotmail.com,+1-134-810-2505x92763,Female,4/23/2000,8/9/2021,Hawaii,Williamsmouth,89903
870116,Abigail,Ramsey,shernandez@snyder.org,037.958.3000x237,Non-Binary,4/12/1963,8/7/2023,Utah,Port Tammyhaven,56275
969521,Debbie,Mcneil,kjennings@yahoo.com,-2563,Male,6/3/1986,10/5/2022,Virginia,West Janet,3289
425867,Jared,Nash,cynthiayu@hotmail.com,(874)688-1197,Male,7/19/1960,7/28/2022,South Carolina,Larrytown,31843
643684,Tammy,Johnson,stevenrodriguez@yahoo.com,366-853-9410x259,Non-Binary,10/21/1998,1/21/2021,North Dakota,Grahamfurt,96073
914532,Andrew,Hamilton,nicolewilson@wright-soto.com,(154)593-8805x8802,Female,10/12/1935,7/1/2023,Kentucky,Devinville,80907
588504,Robert,Gibbs,ashley81@anderson.com,(183)236-3975x245,Non-Binary,2/13/1960,9/15/2021,New Jersey,Tonyaview,74045
696731,Kimberly,Smith,monica50@gmail.com,+1-041-243-8857x168,Non-Binary,6/24/1988,4/23/2021,Colorado,Barajasburgh,39372
252749,Courtney,Nunez,johnsonalan@yahoo.com,558-403-8249,Male,9/6/1985,7/27/2022,Louisiana,West Stephanie,70335
513276,Pamela,Erickson,gavin03@hotmail.com,603.141.2270x5861,Non-Binary,5/6/1966,11/30/2022,Maine,Richardfort,91908
982295,Sara,Martin,johnwalker@yahoo.com,(284)802-3623,Non-Binary,4/28/1950,4/6/2023,Utah,Lake John,39742
837396,Mindy,Norton,mtyler@jenkins.net,(368)871-2180x1036,Female,4/29/1970,7/17/2022,Minnesota,Scottland,21173
614499,John,Clark,dixoncarl@wright-mckinney.com,+1-840-925-5548x420,Female,12/16/1959,5/18/2023,Montana,Thomasmouth,18762
498537,Lori,Pace,melissa96@yahoo.com,001-684-933-6348,Male,2/26/2002,5/20/2021,Rhode Island,Starkview,57310
316305,Stephen,Santos,tammyellis@smith.com,032-925-9400x092,Female,12/5/1964,6/17/2022,New York,Micheleland,76794
452918,Kimberly,Lyons,wheelerjoseph@clark.com,(729)986-9300,Female,1/21/1937,7/16/2023,Tennessee,New Christopher,41173
347858,Cynthia,Sims,morgandevon@burgess.com,172-184-8697x629,Female,12/29/1949,9/16/2023,Texas,New Kiaraburgh,98379
505705,Kelly,Daniel,joshua15@hotmail.com,-2668,Male,6/6/1975,6/23/2023,Florida,Lake Philipshire,98740
236050,Brandon,Gutierrez,georgereginald@simon.net,7828239219,Female,12/18/1971,12/5/2021,Kentucky,South Gail,83909
904142,Brett,Ayala,fowlereric@wall.com,505-259-1153,Female,3/7/1994,3/14/2022,Utah,Ruizhaven,11557
84800,Leslie,Reyes,harnold@gmail.com,268.521.2206,Non-Binary,7/24/1948,8/12/2023,California,Annettestad,87742
911588,Jessica,Morales,ohunt@hotmail.com,6558039171,Female,1/9/1992,6/3/2023,Kansas,New Williamton,75199
376121,Bernard,Diaz,todd60@hotmail.com,001-375-207-8264x97307,Non-Binary,5/23/1956,5/23/2023,New Hampshire,Bethchester,74934
806826,Michelle,Fuller,yyoung@yahoo.com,343.895.7395,Non-Binary,9/21/1952,2/27/2022,Kansas,Port Kathleen,72641
181378,Amanda,Page,scastillo@burke.com,001-187-346-4835x650,Male,12/7/1958,8/17/2021,Rhode Island,Port Angela,11109
263040,Walter,Barker,melinda60@gmail.com,5249874867,Female,10/14/1962,8/31/2023,Colorado,Port Courtneyhaven,2798
896022,Donna,Palmer,andrewkramer@collins.com,001-998-344-2293x22347,Female,7/24/1952,5/30/2023,Louisiana,North Derek,87511
426725,Terri,White,amanda72@nelson.com,+1-302-390-6227x808,Female,9/24/1962,8/21/2023,Idaho,Stewartmouth,30836
986313,Debra,Gross,baileyjoseph@chapman.biz,261-918-2726,Female,10/5/2005,8/14/2021,Wisconsin,Lake Casey,58237
342939,Nicholas,Williams,xdunn@hotmail.com,001-892-049-7896x373,Female,9/23/1944,3/15/2021,Ohio,Martinezmouth,98728
685189,Gary,Harris,georgerichard@lewis.com,829-389-8969,Female,6/17/1968,8/25/2023,New Mexico,West Michaelborough,92520
675802,Austin,Gonzalez,margaretthomas@ruiz-munoz.com,(541)917-5991x3263,Male,10/15/1998,12/28/2021,Georgia,Jocelynberg,15673
532547,Marc,Vega,rebecca33@boyd-coleman.biz,(027)142-8397x5292,Non-Binary,3/26/1991,11/30/2021,West Virginia,North Shelly,18758
462888,Sabrina,Herrera,evanstheodore@fleming.com,738-009-1749,Female,1/6/1984,6/24/2021,Kansas,Lake Lynnhaven,21453
520794,Debra,Burton,douglasburke@lin.org,+1-211-414-9794x960,Non-Binary,12/18/1942,5/22/2021,New Hampshire,West Marvinchester,51682
949560,Andrew,Phillips,kimberlywatkins@wright.com,504.698.8259x863,Female,9/17/1945,9/6/2022,Tennessee,Joelview,40645
88799,Micheal,Cole,xwilliams@yahoo.com,967.998.3204x16437,Female,10/27/1968,12/24/2022,Montana,New Tyler,23043
727695,Alexis,Morgan,grahammarcus@knapp.com,+1-135-772-5666x5911,Non-Binary,6/3/1994,5/6/2021,Connecticut,Port Aliciafurt,86298
503323,John,Walsh,sbrown@jackson.com,2015573359,Female,5/20/1968,2/9/2023,Hawaii,Rossville,1121
112343,Mark,Clark,pamela18@roberts.com,+1-272-274-2790x86011,Female,1/26/1944,6/21/2023,Wyoming,Clarkfurt,30585
485613,Deanna,Wagner,ronalddrake@hotmail.com,(934)585-7745x42237,Female,12/14/1935,5/16/2022,New Mexico,Emmatown,13859
481595,Jessica,Cardenas,lisabean@rivera.info,503.931.7218x869,Female,1/29/1961,2/14/2021,Nevada,New Thomasmouth,97394
959077,Aaron,Jensen,spadilla@yahoo.com,015-666-3476,Non-Binary,11/17/1932,6/17/2023,Nevada,Emilyberg,52809
707349,Makayla,Hardin,terry54@yahoo.com,001-250-677-4135,Male,1/24/1984,11/21/2020,South Carolina,Ericfort,9561
813423,Cory,Hahn,deborahwhite@meyer.biz,(467)480-2721,Non-Binary,9/4/1948,10/20/2022,Washington,Jessicaport,40059
410190,Antonio,Wilkins,wjones@hotmail.com,001-437-483-6160x015,Male,11/19/1972,2/6/2022,Arkansas,North Colleenberg,78352
910039,Gary,Banks,mezaann@jones.org,001-131-761-1778x28125,Non-Binary,3/30/1990,12/18/2022,Florida,Lake Williamton,96238
922021,Angela,Davis,allison58@hotmail.com,001-864-391-2965,Non-Binary,5/24/1971,4/16/2022,North Carolina,Andrewtown,19260
270327,Joy,Schwartz,darrellburns@estrada-hill.com,(025)531-8724,Female,8/2/1958,6/28/2023,Delaware,West Lauren,14020
288188,Kim,Branch,littlejesse@gmail.com,001-684-240-4156x04324,Female,1/29/2004,6/26/2023,Delaware,South James,74808
639850,Brittney,Russell,adam92@jackson-sullivan.org,-8680,Female,7/1/1982,4/14/2021,Wyoming,South Michaelfort,30391
757456,Erin,Atkins,estradasarah@hotmail.com,001-766-226-6734x1290,Female,11/29/1957,3/17/2021,Georgia,Gregoryview,68869
946680,Deanna,Flores,qmarshall@hotmail.com,444-698-0788x36460,Male,3/15/1989,2/25/2023,Colorado,Jennifertown,4343
516760,Erika,Price,jwarren@hotmail.com,001-792-909-5346x1312,Non-Binary,6/19/1994,6/18/2023,Florida,Stewartmouth,91571
162038,Tracy,Sosa,hpeterson@hotmail.com,058.468.9142,Non-Binary,10/19/1951,5/28/2021,California,Jamestown,64678
493744,Christian,Mills,khart@miller-kelly.com,505.119.1449x520,Non-Binary,6/11/1997,7/6/2022,Montana,North Robert,35472
989493,Tom,Caldwell,rubenharris@yahoo.com,+1-341-275-5475x3272,Non-Binary,1/17/1979,9/20/2021,New York,North Amanda,79739
466347,Jessica,Thompson,josephkelly@hotmail.com,165-545-0342,Male,6/8/1954,10/23/2022,Kansas,Lake Alexandraview,92926
110907,Brent,Garner,jwashington@hotmail.com,(012)169-1419,Non-Binary,5/10/1946,9/16/2021,West Virginia,Meganfurt,23058
556859,Shaun,Adams,deborahpowell@gmail.com,(138)571-5864,Female,6/12/1940,5/20/2021,Minnesota,South Jeremy,30799
68347,David,Duran,wardjeffrey@yahoo.com,(339)857-5978,Non-Binary,7/13/1969,1/17/2022,Alaska,West James,72385
743578,Martha,Collins,williamsalyssa@hoffman.biz,(595)357-2807x20180,Male,9/5/1947,1/8/2021,Massachusetts,Elizabethland,89004
50246,Katherine,Dennis,hdowns@hotmail.com,+1-563-609-3907x06231,Non-Binary,5/23/1950,2/18/2022,Wisconsin,Nicolemouth,45360
549096,Robert,Rivera,scott85@yahoo.com,+1-564-037-4662x27329,Male,5/25/1943,12/9/2021,North Carolina,New Melissa,87187
508514,David,Giles,darrenmcmillan@hotmail.com,1192293551,Male,1/21/1984,11/12/2022,Florida,Ashleyhaven,27130
636732,Jeffrey,Harper,cody61@hotmail.com,224.452.7581,Male,9/23/1986,11/1/2020,Arkansas,West Ryan,33036
841303,Mark,Simmons,cameron97@sanchez-savage.com,(521)847-0922x895,Non-Binary,8/8/1994,9/26/2023,California,Fuentesview,61871
296992,Anthony,Trevino,andersonlori@yahoo.com,927-709-5260x4292,Male,2/10/1990,12/19/2022,New Hampshire,South Lori,45010
138649,Heather,Hoffman,davisdaniel@fritz-robbins.com,6545947804,Female,10/15/1991,9/26/2021,Wisconsin,Smithfurt,94026
838906,Melissa,Rogers,lauren24@gmail.com,562-449-2601,Male,11/30/1985,7/16/2022,Colorado,Lake Ashleyside,9334
226421,Mario,Chavez,lisamoore@chapman.com,807.100.9327,Non-Binary,11/30/1959,1/2/2023,Maine,East Nathanside,608
926641,Vanessa,Cook,beverlysmith@yahoo.com,(154)514-9250x096,Male,8/1/1991,10/12/2021,Nevada,Cartertown,23504
723510,Ashley,Medina,salinasdavid@harper-gross.net,006-642-6056,Non-Binary,2/23/1960,12/22/2022,Minnesota,Lake Antonio,65046
537817,Terri,Williams,stephen29@lewis.com,554-229-6406x1972,Female,1/1/1963,7/13/2022,Wisconsin,Andersonmouth,82150
722197,Lisa,Ellison,williamtucker@daniel.com,051-298-9286x4052,Male,11/22/2002,9/15/2021,Virginia,Estradaview,55126
903301,Sharon,Brown,james14@watson-carter.com,001-154-353-3336x184,Non-Binary,10/11/1955,4/6/2022,Montana,New Elizabethside,57349
718190,Daniel,Ballard,jill18@craig-gomez.com,442-743-8931,Female,1/9/1959,4/24/2022,Nevada,Sarahville,18910
486099,Lisa,Bell,pecksteven@flores-lynch.info,(406)179-2116,Male,7/7/1972,6/14/2023,Connecticut,Mcmahonshire,39207
567485,Regina,Knight,omills@gmail.com,(118)924-5783,Female,1/30/1953,5/2/2023,Rhode Island,West Howard,86786
909473,Andrew,Hernandez,curtismcgee@hotmail.com,789-745-9130,Non-Binary,10/10/1987,11/21/2021,North Carolina,Jeffreyshire,45102
273002,Jennifer,Garner,clloyd@davis.com,705-535-5563x069,Non-Binary,9/26/1974,6/29/2022,Rhode Island,New Melissaville,41691
25374,Ryan,Davis,douglasangela@molina.com,001-136-540-1746,Male,8/16/1954,9/18/2022,Alabama,Port Aaron,75456
712790,Renee,Davis,michellecrawford@knight-brooks.net,798-032-3312x10981,Non-Binary,10/25/1991,9/18/2022,Tennessee,Fosterhaven,82517
924855,Suzanne,Warner,cherylspencer@morales.org,001-364-841-5948,Female,5/3/1994,9/8/2022,Connecticut,Marcusland,94376
456887,Michelle,Paul,marissa18@duncan.com,471807348,Female,9/25/1968,8/22/2021,West Virginia,Morrisonfort,40715
347062,Alexis,Trevino,petersonchristopher@yahoo.com,454.932.8774x711,Non-Binary,4/6/1956,2/20/2023,Arkansas,Michaelmouth,47683
59795,Patrick,Peterson,gwilliams@yahoo.com,495-150-7925x94470,Female,4/6/1954,10/28/2021,Minnesota,North Morgan,6748
398495,Sean,Gray,anthony07@lewis-thompson.com,001-680-412-0046x894,Male,3/8/1978,11/2/2022,Pennsylvania,Josephbury,6698
775716,April,Ramos,hflores@baldwin.net,085.239.7876,Male,8/2/1993,11/26/2021,Idaho,West Stephanieport,96987
358219,Connie,Perez,garrisonkatie@taylor.com,001-200-829-2122,Non-Binary,3/14/1958,7/9/2022,Missouri,West Keithshire,2595
248772,Brianna,Smith,christopher95@yahoo.com,635-942-3829,Male,8/7/2001,4/6/2021,Massachusetts,New Gabrielview,61837
275009,Sean,Foster,stewartjordan@gmail.com,715-545-2633x29796,Non-Binary,1/11/1966,10/17/2020,Mississippi,North Scott,74898
847956,Tina,Randall,colleen36@gmail.com,001-936-977-9666x042,Male,5/25/1976,4/22/2021,North Carolina,Moorefurt,30360
752950,David,Smith,timothy58@gmail.com,907-243-5049x6303,Non-Binary,6/15/1985,5/9/2021,Kentucky,Port David,51644
592021,Makayla,Booth,patricia79@hotmail.com,(096)654-2474,Female,8/9/1965,10/2/2022,Illinois,South Kathryn,60269
39595,Jillian,Decker,alishavaughn@yahoo.com,442-234-2253,Non-Binary,6/16/1954,1/16/2021,Connecticut,West Bailey,37668
194746,Bruce,Berry,gutierrezmatthew@hotmail.com,-2289,Female,1/7/1976,8/20/2023,Pennsylvania,North Ronald,88007
87681,Brittany,Brennan,billymartinez@yahoo.com,5589968119,Non-Binary,1/24/1959,9/8/2021,Massachusetts,Thomasland,4783
667653,Michael,Beard,fclark@villa.com,236.633.0846,Non-Binary,1/29/1962,12/15/2022,Connecticut,Melissamouth,33430
534078,Jesus,Riley,bakerdanielle@garcia.com,+1-413-491-1672x532,Male,7/24/1951,12/15/2020,Virginia,South Thomasside,31319
444928,Misty,Robinson,gregg41@hayes-david.info,737-293-9656x462,Male,7/4/1999,4/3/2021,Kansas,Evelynshire,36745
7761,Kevin,Booth,lwalker@johnson-briggs.biz,001-098-000-6947x5086,Male,1/20/1990,12/13/2021,West Virginia,Port Matthewton,46250
685385,Linda,Hubbard,mcdowellalicia@flowers.com,996.411.2128,Male,4/11/1964,11/4/2022,Rhode Island,Ricardoton,68927
555700,Tony,Jones,phillipvilla@jones-perez.com,(676)493-8086,Male,12/2/1999,3/23/2023,Florida,West Paulfort,87821
478329,Candace,Pratt,meganevans@hotmail.com,354.386.4465x53144,Male,8/13/1946,10/26/2021,Nebraska,West Jason,61426
909158,Melanie,Hill,lroy@yahoo.com,121.844.0663x092,Male,5/26/1989,8/7/2022,Michigan,Brockfurt,5826
279944,Sandra,Stanley,johnsonsusan@young.biz,(847)314-2933,Male,8/5/1934,11/27/2020,New Hampshire,Kevinhaven,3165
399524,Steven,Gilbert,jacksonmichelle@ross.com,+1-783-460-6772x31881,Non-Binary,5/29/1962,6/18/2023,Wyoming,Morrisbury,97166
626369,Brian,Krueger,eatonsusan@hotmail.com,001-217-075-4620,Non-Binary,6/30/2004,7/16/2021,Hawaii,Bradyborough,39916
634604,Stephanie,Riley,andrewmack@fischer.org,485-521-7811x2256,Male,12/20/1966,4/14/2022,South Dakota,Jonathantown,68621
843366,Patricia,Brown,johnstonjennifer@yahoo.com,172-626-8056,Female,4/7/1971,5/22/2021,Colorado,Paynemouth,78547
197667,Ann,Flynn,seancummings@ortiz.com,834-085-4620x3943,Female,11/8/1972,10/19/2020,Arizona,Grahamtown,91305
174602,Erica,Richardson,kayla85@moore.com,(645)383-9990x7334,Male,11/9/1957,9/15/2022,Iowa,North Wandafurt,52582
443285,Crystal,Johnson,diana93@yahoo.com,619.517.5399x0157,Male,1/7/1975,1/7/2022,West Virginia,Port Aaronchester,26796
519357,James,Underwood,jmcmahon@gmail.com,716.521.9957x93760,Male,11/14/1966,1/11/2022,Ohio,Meganchester,77842
2027,Diana,Snyder,jennifer85@yahoo.com,+1-143-675-7275x149,Male,3/24/1951,8/14/2023,North Dakota,Dianaburgh,96134
4452,Monique,Silva,aramirez@hotmail.com,(546)000-3610x67931,Female,4/12/1935,7/12/2021,New Mexico,North Andrewberg,57873
